encoder,dbcv,n_clusters_test,noise_fraction_test,nber_f1,nber_f1_legacy_maxF1,bai_perron_f1,crisis_window_coverage,train_dbcv,train_n_clusters
linear_ae,0.2528707819836364,3.0,0.4179894179894179,0.0,0.0,0.2573099415204678,,0.7997657628087336,4
mlp_ae,0.7891594385853264,2.0,0.0,0.0,0.0930232558139534,0.4444444444444444,0.0,0.8709156179069608,2
svd,0.6656028098902602,3.0,0.0105820105820105,0.0408163265306122,0.0408163265306122,0.5,0.0,0.4989212239441951,11
